{"uniform": {"0.1": {"gamma": 0.00035763259268442024,
   "beta1": 0.21322277564941164,
   "beta2": 2.0244332726153105,
   "rmse": 0.036688227388552826},
  "0.3": {"gamma": 3.5299822881334824e-05,
   "beta1": 0.26316713022078747,
   "beta2": 8.743780902039422,
   "rmse": 0.04045462021719622},
  "0.5": {"gamma": 0.00018936825948617854,
   "beta1": 0.2086461615012214,
   "beta2": 6.27053536212312,
   "rmse": 0.04770614550209514},
  "0.7": {"gamma": 1.6053000716721513e-05,
   "beta1": 0.30115687634807664,
   "beta2": 27.088480005188362,
   "rmse": 0.08053360758178667}},
 "strings": {"0.1": {"gamma": 0.004594377321238893,
   "beta1": 0.5146991094601314,
   "beta2": 100.50822744270957,
   "rmse": 0.2301439968431231},
  "0.3": {"gamma": 0.00985458362523078,
   "beta1": 0.9475866230008677,
   "beta2": 78.16984790368792,
   "rmse": 0.2488246085207805},
  "0.5": {"gamma": 0.004774699123174829,
   "beta1": 1.4874897716939661,
   "beta2": 74.88586540617162,
   "rmse": 0.24700508956805872},
  "0.7": {"gamma": 0.0038270349618963247,
   "beta1": 1.010782718393354,
   "beta2": 88.38542871918405,
   "rmse": 0.2434487147663657}},
 "districts": {"0.1": {"gamma": 0.002809414351692244,
   "beta1": 1.7863174343250858,
   "beta2": 14.112703726936207,
   "rmse": 0.2019664786876128},
  "0.3": {"gamma": 0.00766718382236429,
   "beta1": 2.1081679080514615,
   "beta2": 13.187538846115832,
   "rmse": 0.24889392780855948},
  "0.5": {"gamma": 0.00533645663981422,
   "beta1": 2.20763209088617,
   "beta2": 14.675356870052227,
   "rmse": 0.27100081728181014},
  "0.7": {"gamma": 0.0009280779177828883,
   "beta1": 3.42599499683349,
   "beta2": 144.93973173620697,
   "rmse": 0.2734759087592298}},
 "dates": {"0.1": {"gamma": 0.002293787951186067,
   "beta1": 0.15311151870001838,
   "beta2": 1.7522838259719495,
   "rmse": 0.037911744879243855},
  "0.3": {"gamma": 6.60999825555256e-05,
   "beta1": 0.4309415820363671,
   "beta2": 2.1055096760597154,
   "rmse": 0.054537569974402886},
  "0.5": {"gamma": 4.0109530422230225e-05,
   "beta1": 0.43870775497361053,
   "beta2": 9.076172861892488,
   "rmse": 0.058081568448726834},
  "0.7": {"gamma": 0.00011686493404512367,
   "beta1": 0.29906764655883433,
   "beta2": 9.212514232236119,
   "rmse": 0.07548072236855842}}}