{"RR": [0.9981432746548848, 0.991756619157361, 0.9852394890460833, 0.9607569820251401, 0.984428330411996, 0.990861610090297, 0.9902346957133882, 0.9931764529687971, 0.992536389286478, 0.9910131096455465, 0.9923832613827234, 0.9709864423100902, 0.9678320203248572, 0.9779864241823393, 0.9830821727356288, 0.990868252945051, 0.9861747080784993, 0.9870905598757224, 0.9885410730401842, 0.9746800916191113, 0.9792607823582281, 0.9598323490544464, 0.9525243570791783, 0.9481594989881987, 0.9871978301413232], "Bekas": [0.5358609450797089, 0.4982067740385846, 0.5198791971573762, 0.6121931126368914, 0.6347940742517999, 0.7202325787877581, 0.6976213266723013, 0.7187442998874483, 0.5613628401044284, 0.5699705620513087, 0.7385066812363891, 0.634817548262629, 0.567699737445809, 0.526765147596878, 0.4266916976704622, 0.5518009754089925, 0.6770256539320579, 0.4822300765987658, 0.5299453656049706, 0.6417217066872617, 0.5596475600148383, 0.41586972837022684, 0.4010070592471675, 0.24126306031766498, 0.5774474966303615], "RNC": [0.9982872757827863, 0.9925478673540056, 0.9902197765186429, 0.9489265754818916, 0.9860282093286514, 0.9908908326178789, 0.9915683725848794, 0.9933982798829675, 0.9930725446902215, 0.9916916731745005, 0.9924877043813467, 0.974197106435895, 0.9644527919590473, 0.9780886806547642, 0.9834832418709993, 0.9906890448182821, 0.9864276936277747, 0.9862469471991062, 0.9885598300024867, 0.9708387237042189, 0.9789447132498026, 0.957433070987463, 0.9522605575621128, 0.9465584233403206, 0.9855684516951442], "LFP": [0.9991651800618783, 0.9947294234365045, 0.9902237805469792, 0.9686564083430729, 0.9900181121860199, 0.9933733409810312, 0.9955078013055958, 0.9952021289844231, 0.994292786754818, 0.9921834744013102, 0.995837918878832, 0.984526967147815, 0.966108776169736, 0.9778166123480316, 0.9875271300233945, 0.9921107460850037, 0.9886403250697267, 0.9919195061512872, 0.9896136562440366, 0.9806106642046298, 0.9825896399475118, 0.9649482526038068, 0.9673149274772824, 0.9608347307472612, 0.985531796631325], "Sample": [0.8252870440483093, 0.8250354677438736, 0.8390801101922989, 0.883181132376194, 0.8765757158398628, 0.879152275621891, 0.8910508006811142, 0.8876399621367455, 0.8281407356262207, 0.8733482658863068, 0.8906143680214882, 0.8777625784277916, 0.9035794362425804, 0.8914248570799828, 0.8774626776576042, 0.8876279816031456, 0.9066641330718994, 0.8680809736251831, 0.8949522599577904, 0.911335751414299, 0.9040524959564209, 0.8752503246068954, 0.8952718675136566, 0.8529543429613113, 0.9054107666015625]}