{"RR": [0.9972127186134444, 0.994761275670163, 0.9851777874034467, 0.9856290618734794, 0.986858576640287, 0.9906084620823878, 0.9894079568789694, 0.9932218642038739, 0.9930365194970732, 0.9909679956776273, 0.9908742702841931, 0.9857196390806232, 0.9607195114448457, 0.9701435321808713, 0.9831799057881225, 0.9908888979407915, 0.9733806721539424, 0.9890000759723434, 0.9867692085974802, 0.970026404189743, 0.976624766090817, 0.9412541850716484, 0.8869702508729818, 0.9569336400032921, 0.9870032580035035], "Bekas": [0.514540298229833, 0.5416885667913629, 0.5238363409227433, 0.5913778910343828, 0.6257847893425683, 0.7461563313097549, 0.699841651429302, 0.7121233853550393, 0.5610480074420015, 0.5358262491262815, 0.7412254834936359, 0.6285752196129488, 0.5879401270566778, 0.5304886077734704, 0.4012303585188477, 0.5213202054652157, 0.6757830623812912, 0.4703119308026166, 0.5389606629330248, 0.6395297415943595, 0.5360968140552391, 0.40053893730582146, 0.4150213348462374, 0.23683107475321452, 0.5815851875641919], "RNC": [0.9975810840260237, 0.996043021325022, 0.9893574882298708, 0.9866013592109084, 0.9873332567512989, 0.9913205737248063, 0.9909537648782134, 0.9932713033631444, 0.9937065932899714, 0.9914751648902893, 0.9907861677929759, 0.987571875564754, 0.9589019492268562, 0.9673252329230309, 0.9837156794965267, 0.9905033381655812, 0.9664858616888523, 0.9889876423403621, 0.9864223329350352, 0.9633790031075478, 0.976257985457778, 0.9343396797776222, 0.8815104886889458, 0.9559053145349026, 0.9857729095965624], "LFP": [0.9993669781550775, 0.9967544834555363, 0.9869222069160346, 0.9898461448781344, 0.9886078305943857, 0.9942182177785774, 0.9945517320889687, 0.9950614821502707, 0.9945562443076741, 0.9929252515024025, 0.9956090400985347, 0.9915510910576615, 0.9625686646742618, 0.9704956202533278, 0.9849139231994832, 0.9917930890485714, 0.9845479532532437, 0.9923562757570235, 0.985748022137616, 0.9709206623885345, 0.9809450456886663, 0.9348589258457628, 0.8791664773075893, 0.9652601988570713, 0.9826013676313738], "Sample": [0.7777103781700134, 0.8015237301588058, 0.8209125995635986, 0.869088888168335, 0.8877733945846558, 0.8924812749028206, 0.8898431360721588, 0.887257769703865, 0.8287492841482162, 0.8715292662382126, 0.8975722417235374, 0.8794796839356422, 0.8869098871946335, 0.8837404772639275, 0.8975757658481598, 0.8892964199185371, 0.9135400876402855, 0.868644967675209, 0.9006627202033997, 0.9143491089344025, 0.9058240205049515, 0.8746250420808792, 0.883515827357769, 0.8510314673185349, 0.9068479314446449]}