{"RR": [0.9972223612374772, 0.9930135873551942, 0.9880000303664388, 0.9474954333511518, 0.983323539663265, 0.9909748319615846, 0.9922325503887097, 0.9933734986784747, 0.9929631531222007, 0.9915328947814955, 0.9931362463130164, 0.9891502320232234, 0.9768520255092834, 0.9768389911139904, 0.9814897734165501, 0.9911184296656094, 0.9869438869560035, 0.9905467414813729, 0.9888172838068854, 0.9738245793555764, 0.9714176893785305, 0.9355309922260393, 0.9517745328107967, 0.9554700235191342, 0.980926215945443], "Bekas": [0.5063347565284184, 0.4767346988981487, 0.5043539101726149, 0.5910707230189809, 0.6909169732233609, 0.7270735644306074, 0.6932535642538955, 0.7179864115038606, 0.5716527445195303, 0.5249096259296053, 0.7239704551403205, 0.6209738000806518, 0.5655254361430859, 0.521202595519644, 0.43670238755640667, 0.5563490225100856, 0.677001362931539, 0.46838367457321206, 0.5282003541591582, 0.6332099305956724, 0.5516905525754856, 0.4018675317008803, 0.4029147771382354, 0.24850492165957128, 0.5822992803966469], "RNC": [0.9980400686617941, 0.9941572821699083, 0.9900620002299547, 0.9433698989450932, 0.9846727214753628, 0.9919119225814939, 0.9934347751550376, 0.9937060503289104, 0.993441560305655, 0.992158992215991, 0.9933557230979204, 0.9894309248775244, 0.9726126212626696, 0.9755042493343353, 0.9819268565624952, 0.9911081725731492, 0.9867192562669516, 0.9905805047601461, 0.9891252005472779, 0.9686676375567913, 0.9701966308057308, 0.9263288080692291, 0.944036889821291, 0.9544918313622475, 0.9784379601478577], "LFP": [0.9973723005901869, 0.9964331923709753, 0.990621308804084, 0.947524844516968, 0.9895394596313357, 0.9939534093568427, 0.9948395675210664, 0.9952232796638619, 0.9940167339675322, 0.991741954146712, 0.9961440822046512, 0.993224528545598, 0.9726087574652417, 0.9819264156910571, 0.9844183846649767, 0.993181755966816, 0.9924479292314292, 0.9936617725191561, 0.9899936993756324, 0.9840214192868119, 0.9741910980632529, 0.9351275159868562, 0.9566668951875932, 0.9655586814262872, 0.9725860206033686], "Sample": [0.8022628575563431, 0.8099344819784164, 0.8425361514091492, 0.8497330844402313, 0.876522958278656, 0.8961410224437714, 0.9154234230518341, 0.8764753639698029, 0.8378614634275436, 0.8713967800140381, 0.8876741081476212, 0.8808854892849922, 0.8833289444446564, 0.8957535475492477, 0.8859254643321037, 0.8727296590805054, 0.9138973504304886, 0.8680416792631149, 0.8929353877902031, 0.9148187190294266, 0.9053052738308907, 0.8762125074863434, 0.887645997107029, 0.8607206046581268, 0.9168633446097374]}