{"RR": [0.9979251803630799, 0.9940947723552882, 0.9874176647541372, 0.9612392665941186, 0.9859196190157576, 0.9907740266073041, 0.9916975622030209, 0.9933808713316171, 0.9931811832431154, 0.9913753641261569, 0.9938677714850174, 0.9900071915191593, 0.9424887909195165, 0.9786413162087467, 0.9826179730178297, 0.991051070134677, 0.988301022067553, 0.9602589860367906, 0.9890377297508611, 0.9717286852731395, 0.9123625360144069, 0.9591618244787147, 0.9645800880765779, 0.958744434625272, 0.9689585137327824], "Bekas": [0.4940663272271931, 0.46662736848098174, 0.5235881107629216, 0.5920471725023433, 0.6444537270943348, 0.7484725720577661, 0.6779589901189197, 0.6957777229567683, 0.5518622873400826, 0.5189116947995465, 0.7338704839406114, 0.6352149658120935, 0.5899152599956825, 0.5447869947518278, 0.42232874248451047, 0.5560152838862034, 0.6850866115081538, 0.4909050936670657, 0.5347168408192968, 0.6463403090964973, 0.5474463872247786, 0.39742345597789386, 0.4076142685768932, 0.25819460846189013, 0.5816389087308678], "RNC": [0.9983999007381499, 0.9951361981220543, 0.9913117913529277, 0.9575220197439194, 0.9877865826711059, 0.9916225839406252, 0.9924202649854124, 0.9933927468955517, 0.9935395210050046, 0.9919532239437103, 0.9939574133604765, 0.9903317661955953, 0.9349041655659676, 0.9787651672959328, 0.9827448427677155, 0.9913565367460251, 0.9884575372561812, 0.9554546549916267, 0.9890090264379978, 0.9709775671362877, 0.9055138900876045, 0.9561696015298367, 0.9634593091905117, 0.9570563845336437, 0.9682939387857914], "LFP": [0.9985549677199705, 0.996925587871329, 0.9866608342769025, 0.9807758595578687, 0.9877244901248328, 0.9924332845545174, 0.9960950327784552, 0.9961033324154583, 0.9934040347104094, 0.9938594060011242, 0.9940400519330235, 0.9937991221718291, 0.9247047117149787, 0.9807291795912347, 0.9874035738911777, 0.9909318540673502, 0.9930030866534911, 0.9724492998183364, 0.9894617071748314, 0.9788139848530466, 0.9720449949381048, 0.9587742627277571, 0.957203601260239, 0.9613720968927378, 0.9609526354792429], "Sample": [0.859963983297348, 0.8201497793197632, 0.8195835947990417, 0.8883439674973488, 0.8650824278593063, 0.8830020725727081, 0.8830040916800499, 0.8909109458327293, 0.8439276665449142, 0.8612991720438004, 0.8977966979146004, 0.8778252750635147, 0.8987190797924995, 0.8889898061752319, 0.8742964565753937, 0.880682997405529, 0.9144409447908401, 0.8768883720040321, 0.8849148228764534, 0.9168974608182907, 0.9102273285388947, 0.8764031231403351, 0.8910541385412216, 0.8591469675302505, 0.9158801883459091]}