{"RR": [0.997117876137629, 0.9938970123389105, 0.9875546786112015, 0.9713465114318879, 0.9845173130547061, 0.9892471979703817, 0.9903342801236021, 0.9914984623175384, 0.9925653928951214, 0.9911364034197528, 0.9927705758203256, 0.9890226490096026, 0.9487324850140858, 0.9696054262673007, 0.9809524530673583, 0.9789242807578318, 0.9866861386647249, 0.9895066112010921, 0.987587478899419, 0.9467871467188487, 0.9646975167983689, 0.9604067857758701, 0.9192768523914342, 0.9339669328469439, 0.98716492016241], "Bekas": [0.6107275465840148, 0.5570863007012806, 0.48098278503724745, 0.5842392017028644, 0.6855393909847396, 0.7593974982236567, 0.6932583578603388, 0.6969423858210076, 0.5411926422339681, 0.5293841188793273, 0.7217327011827049, 0.6026979117221734, 0.5945417270277987, 0.5272874031064388, 0.4119495199376586, 0.5662382872484569, 0.6781932163259167, 0.45888992001349105, 0.5490642534573589, 0.6308485744484996, 0.5528626497307028, 0.384990488685353, 0.40963308012506183, 0.23525012139469925, 0.5760514282512637], "RNC": [0.997336067026481, 0.9946251036599278, 0.9926555720157921, 0.9731798376888037, 0.9835386760532856, 0.9905326860025525, 0.9906279779970646, 0.9914074642583728, 0.9930228209123015, 0.9915332077071071, 0.992751644924283, 0.9894286664202809, 0.9480359852313995, 0.9631128460168839, 0.9798220619559288, 0.9794417768716812, 0.9862334877252579, 0.9897489529103041, 0.9872271399945021, 0.9327380359172821, 0.9607636593282223, 0.9548335671424866, 0.9017868041992188, 0.9292101263999939, 0.9867669325321913], "LFP": [0.9988418135818447, 0.9973343144849082, 0.9888156160409661, 0.9736603566549711, 0.9866903113929615, 0.9915573025970655, 0.9952373980734326, 0.9951029998932044, 0.9918508369041028, 0.9928874982814099, 0.9955051357090381, 0.9924710157757607, 0.9540278745175956, 0.9689538424249718, 0.9850915215490824, 0.9847958757476825, 0.9859409747287889, 0.9899262064906914, 0.9913136205812231, 0.973499818818055, 0.976482506857149, 0.9498539861225708, 0.9447368430592317, 0.9422189684780387, 0.9835413909628429], "Sample": [0.6918228268623352, 0.8065494447946548, 0.8502680212259293, 0.9140947088599205, 0.8707227557897568, 0.8946349546313286, 0.8949589729309082, 0.8784350007772446, 0.836486428976059, 0.8432945758104324, 0.8923596814274788, 0.8946860656142235, 0.9051282554864883, 0.8783368393778801, 0.8891291692852974, 0.8968935757875443, 0.9052338972687721, 0.8657519966363907, 0.8877258598804474, 0.9149194434285164, 0.9063154011964798, 0.8639547824859619, 0.8852041363716125, 0.859158381819725, 0.9117022231221199]}