{"RR": [0.0001918014391935531, 0.0006128984773344702, 0.0011197299530888933, 0.003563953142511292, 0.004104222713320163, 0.004911620223488302, 0.0031447464407873514, 0.0050355063564763575, 0.004791677081204711, 0.0047827175981484706, 0.00912314610493241, 0.008667649764524783, 0.03829841856971063, 0.025339564840555405, 0.007936901174586546, 0.01912000510925726, 0.016905448415587172, 0.013760550308095502, 0.017187080105002462, 0.07745741072065994, 0.039419132790311534, 0.06383090174585569, 0.11670514407495004, 0.09649376782196437, 0.032157268396100065], "Bekas": [0.025905554503881982, 0.044480039443877906, 0.04669699589161639, 0.05171279581199381, 0.08335868176661797, 0.10990141084077226, 0.09979853541125577, 0.17950264994120474, 0.29570583487228896, 0.25394012873059185, 0.3511584270393987, 0.31370731927209894, 0.3028898641782774, 0.3940944066290735, 0.2450341013689626, 0.393510943503936, 0.4086183447602964, 0.7095870190807048, 0.6243911881587618, 0.5373422363951283, 0.49927837894868327, 0.9914984791905892, 0.853520439703197, 1.1175249069829105, 1.062169318802396], "RNC": [0.0001772811374394223, 0.0005397791974246502, 0.0006607925752177835, 0.0033359220251441, 0.004363644402474165, 0.004324440378695726, 0.003049191553145647, 0.005089404992759228, 0.004496860317885876, 0.004568605683743954, 0.009147035889327526, 0.008347060531377792, 0.03881872445344925, 0.03075234591960907, 0.008407922461628914, 0.01865052990615368, 0.017480207607150078, 0.013442754745483398, 0.0176860261708498, 0.09790749847888947, 0.04381171986460686, 0.07281586527824402, 0.14199130237102509, 0.10344485938549042, 0.03315439447760582], "LFP": [7.707573736052937e-05, 0.00026770406299013786, 0.0010062809416114403, 0.0032761544706501155, 0.0035281942004795367, 0.003856420232682113, 0.0015495147437524814, 0.002900519422069392, 0.005252215414582716, 0.0038378424410888227, 0.005672277989107528, 0.005944840280266563, 0.03434259890981896, 0.02588278190182943, 0.0062121973263449546, 0.013793262761085584, 0.01785163000505171, 0.013210312229413717, 0.012027653180462792, 0.038574052910425004, 0.02625988601987228, 0.08084378466059844, 0.07989647187796926, 0.08443511229412426, 0.041235731676891096], "Sample": [0.020508773624897003, 0.019427459686994553, 0.013471679762005806, 0.010684996843338013, 0.034269414842128754, 0.04812820628285408, 0.034175146371126175, 0.07200360298156738, 0.10538609325885773, 0.08455684781074524, 0.13583631813526154, 0.08315524458885193, 0.07087212800979614, 0.10142900794744492, 0.04619864374399185, 0.09353870153427124, 0.12033049017190933, 0.1760466992855072, 0.1554611325263977, 0.12384450435638428, 0.10460922867059708, 0.21932771801948547, 0.16596563160419464, 0.20581111311912537, 0.22122302651405334]}