{"RR": [0.00019703354022766907, 0.0005088187182425968, 0.0013362303970439315, 0.0018200843192035276, 0.003463043972274883, 0.004309605221481338, 0.003569627252719412, 0.004024953245971215, 0.00440966220032854, 0.005051736269001045, 0.011507607519738618, 0.01169913103090113, 0.029044750623741507, 0.024961751843810692, 0.006881229806001971, 0.008157657624869547, 0.03376617232779032, 0.014513312356798405, 0.018119413222228084, 0.04395640820337235, 0.025869670994448, 0.09527905768673149, 0.16567750246386473, 0.06292691205882653, 0.032877914534994224], "Bekas": [0.034317254131219034, 0.04451416438787914, 0.04292640866415941, 0.05175213242590603, 0.09861365044928375, 0.11648422331085051, 0.10115644441267799, 0.1709452199551188, 0.27796875549925637, 0.2596193811155114, 0.32631643329380006, 0.30428832985415993, 0.30468501517960256, 0.3925389611256007, 0.24496126192799136, 0.42858765606856597, 0.4112637648303027, 0.6988710449820064, 0.6313879499625108, 0.528631196735871, 0.5134076022637192, 0.9722579428517366, 0.8574539445222379, 1.1151131381594512, 1.0584657637389814], "RNC": [0.00017099370597861707, 0.00038432731525972486, 0.0009594281436875463, 0.0016969424905255437, 0.0033379558008164167, 0.003982830327004194, 0.0030486739706248045, 0.003995595499873161, 0.003985334187746048, 0.0047680689021945, 0.011618705466389656, 0.010181693360209465, 0.030388690531253815, 0.027318015694618225, 0.006662040948867798, 0.008502869866788387, 0.04251212626695633, 0.014529717154800892, 0.01859445497393608, 0.05370485037565231, 0.026275591924786568, 0.10649360716342926, 0.1736803501844406, 0.06442946195602417, 0.03599033132195473], "LFP": [4.474845480193105e-05, 0.000315225513735043, 0.0011789700445336455, 0.0012859892878299153, 0.00300207842874856, 0.002653154261793795, 0.0018361222092005325, 0.00293256199749128, 0.003447288133309674, 0.0039570135601956005, 0.005537030435324991, 0.006921736316233366, 0.027677451071495225, 0.024667385639976187, 0.006171829956935972, 0.0073480869015051424, 0.0196006629575855, 0.010085138518105156, 0.01951791606913244, 0.04264497467787454, 0.021088362185534733, 0.10565144376134661, 0.17711616993055818, 0.05076046388943263, 0.044013395679907946], "Sample": [0.015713702887296677, 0.01927729696035385, 0.016144825145602226, 0.01657993718981743, 0.029574092477560043, 0.04933837801218033, 0.037123993039131165, 0.06694793701171875, 0.10844545066356659, 0.07185561954975128, 0.12916210293769836, 0.09873580932617188, 0.08362101018428802, 0.09719975292682648, 0.04190254211425781, 0.09911884367465973, 0.10967294871807098, 0.17330998182296753, 0.13604123890399933, 0.12560740113258362, 0.1042257621884346, 0.2033439725637436, 0.17074094712734222, 0.2176671028137207, 0.23564718663692474]}