{"RR": [0.00014218000205044876, 0.0006032196675989064, 0.001122836812205172, 0.004791446628815516, 0.003874387631202951, 0.004297205330298028, 0.0026996206470659666, 0.004012312087049333, 0.004213921665496698, 0.0046741865899394466, 0.007864659271844583, 0.008031439661687421, 0.04293055188975143, 0.017876910513502958, 0.007138580277939677, 0.008236557386745925, 0.014908251395792676, 0.05290872869207334, 0.01496014573440473, 0.04126758722481628, 0.09796205546826321, 0.06621258359074202, 0.05169348512677252, 0.060272874673808784, 0.07751961961576595], "Bekas": [0.03466983315186201, 0.054484074255694154, 0.04251458863198665, 0.05042949470437033, 0.09783286997756876, 0.11715457633177466, 0.10471485372564523, 0.1844101815335228, 0.2769420683723648, 0.2607294426845924, 0.3413144113716884, 0.2931857442463726, 0.30611709424006767, 0.3810067248964516, 0.23724233371991907, 0.40864166421505066, 0.4013006940133084, 0.6777774795233344, 0.6349691907708912, 0.5162364143042663, 0.505869066730835, 0.97698169131206, 0.8645555941200114, 1.0837505919606363, 1.0447693250909151], "RNC": [0.00010964910325128585, 0.0004968378925696015, 0.0007753282552585006, 0.005250957794487476, 0.0033606700599193573, 0.003901970572769642, 0.002464626682922244, 0.0040051136165857315, 0.003992474637925625, 0.00436101108789444, 0.007749692536890507, 0.007770571857690811, 0.04859226942062378, 0.017773248255252838, 0.007086476776748896, 0.007955406792461872, 0.014708800241351128, 0.059304919093847275, 0.01499931700527668, 0.04236399382352829, 0.10561753809452057, 0.07106399536132812, 0.05332920327782631, 0.0627390518784523, 0.07917925715446472], "LFP": [9.90229169232909e-05, 0.00031405154447851786, 0.0011903757152650976, 0.0023764112497249475, 0.003377755451381805, 0.0035243684932929117, 0.0012697391290584221, 0.002362039965071324, 0.004076202958615503, 0.003327941323396183, 0.007643707456455004, 0.004983781708809495, 0.05620588286103075, 0.016129398952493657, 0.005173194074845238, 0.008346283353396298, 0.008916312498976817, 0.03667929868467247, 0.014381546237535816, 0.03092518817996512, 0.03124839117821969, 0.06684095311274653, 0.06245907687507099, 0.05643395604323098, 0.09751262612202741], "Sample": [0.009596169926226139, 0.018371719866991043, 0.0161002054810524, 0.013802471570670605, 0.03712420538067818, 0.054494425654411316, 0.03804238885641098, 0.06612642854452133, 0.09645025432109833, 0.07516996562480927, 0.13107700645923615, 0.09819450974464417, 0.07560344785451889, 0.09291393309831619, 0.05162486433982849, 0.10981886833906174, 0.10902968794107437, 0.16390320658683777, 0.15705606341362, 0.12130462378263474, 0.1003488153219223, 0.20039260387420654, 0.1590007096529007, 0.20578113198280334, 0.2100716382265091]}