{"RR": [0.00013570357696495402, 0.0008179385279773772, 0.0013227522252705712, 0.0047999467641454355, 0.00426332150248643, 0.00436793971888254, 0.0032193739638658, 0.004147432462007905, 0.0046062546103321665, 0.005061676415499906, 0.00975462252405715, 0.022977214014889214, 0.023844623533526732, 0.018114901937568602, 0.007054037609500512, 0.008281317861942548, 0.017736791347534617, 0.0172407789158223, 0.015849385926242902, 0.03716956349378653, 0.023211134418117167, 0.065253312876496, 0.06952799746964855, 0.07611911867828713, 0.032089997086468355], "Bekas": [0.033922803998729836, 0.04978976713885608, 0.04302566912090907, 0.04743397705304832, 0.09998865357875425, 0.1337223781472484, 0.0996866046943463, 0.17095053576056563, 0.2707100514194084, 0.24220500954002483, 0.33488987154111105, 0.2892053238603581, 0.32044402906704117, 0.3894234637629751, 0.23904596395710814, 0.4064587603791711, 0.41435136555089, 0.6914906217997157, 0.6501548821344123, 0.5259516571467888, 0.49283824743970533, 0.9489336438159198, 0.8772241323505049, 1.1140784913350386, 1.0591726833573785], "RNC": [0.0001251788780791685, 0.0007394279818981886, 0.0008764474769122899, 0.006246963981539011, 0.003825295250862837, 0.004353972151875496, 0.0027796942740678787, 0.004012603312730789, 0.004275360144674778, 0.004679489880800247, 0.009620863944292068, 0.020434536039829254, 0.026349488645792007, 0.01803075522184372, 0.006886808201670647, 0.008443836122751236, 0.017412230372428894, 0.01836743764579296, 0.015823442488908768, 0.04280868172645569, 0.02356487698853016, 0.06915099918842316, 0.0699143335223198, 0.07847002893686295, 0.03617420792579651], "LFP": [6.1014975652067595e-05, 0.0005229659672690247, 0.000876088644667497, 0.0038337411115206303, 0.0027329116323873475, 0.00316739025347473, 0.001480964350194833, 0.0029162026593407215, 0.0035222733783716945, 0.004402493155425333, 0.0053303037286075725, 0.012253829437391317, 0.02512198408119481, 0.018254639559107288, 0.005200673380717094, 0.007154536691667414, 0.014573593466097809, 0.010791638261238303, 0.014365845172778221, 0.028463497462428905, 0.019485508779857445, 0.05694240479265278, 0.04786723253953248, 0.05750765752895852, 0.03626608684874941], "Sample": [0.012769348919391632, 0.0173606239259243, 0.014420716091990471, 0.01428851205855608, 0.03379197046160698, 0.057762425392866135, 0.035917796194553375, 0.06829375773668289, 0.10606495290994644, 0.07133391499519348, 0.1400882452726364, 0.0968056172132492, 0.07147207111120224, 0.08934614062309265, 0.05109301954507828, 0.10190694034099579, 0.11974277347326279, 0.17618012428283691, 0.14529651403427124, 0.1301589012145996, 0.10738353431224823, 0.20265884697437286, 0.15337416529655457, 0.21591199934482574, 0.23709794878959656]}