{"RR": [0.00019156723272462615, 0.0007350194885909639, 0.0010790076667205536, 0.006433198653598663, 0.004594241559501218, 0.004204935833512393, 0.0026306712624053347, 0.0039739912697089146, 0.004518741734175526, 0.00463042898857527, 0.008633248090106503, 0.008782888242956633, 0.017195540587288033, 0.019482826559890656, 0.007664617421930922, 0.008154793331913195, 0.016545693123617863, 0.012507448301854013, 0.01525026635886104, 0.0382925263509504, 0.031791560035730033, 0.10451772957532704, 0.07020597098158532, 0.06519292010888586, 0.0476071882603778], "Bekas": [0.034046934345878715, 0.0550511705459062, 0.04456727368776667, 0.05010465645180365, 0.08515008930436367, 0.127159754140163, 0.10388854434145373, 0.16912688676035195, 0.27506504741005183, 0.2598139722512137, 0.3471907136603686, 0.3068217460658702, 0.32275070114415744, 0.4027599503427234, 0.23324731734659138, 0.4073471128098362, 0.4093282824890224, 0.7033726723536993, 0.6434098963827118, 0.5365842478227513, 0.4986460647333277, 0.9696976846781948, 0.8692284444919021, 1.100206253769752, 1.042559606304301], "RNC": [0.00013517186744138598, 0.0006146947853267193, 0.000893600401468575, 0.006938685663044453, 0.004222551826387644, 0.0037683339323848486, 0.002223503077402711, 0.0037745560985058546, 0.004211530555039644, 0.004288033582270145, 0.00835718959569931, 0.008555667474865913, 0.020344793796539307, 0.020605599507689476, 0.007483632303774357, 0.008164211176335812, 0.016830362379550934, 0.012462776154279709, 0.014830349013209343, 0.04583671689033508, 0.03314971923828125, 0.11943639814853668, 0.08147032558917999, 0.06662501394748688, 0.0538177490234375], "LFP": [0.0001812262671308794, 0.00037525311668173674, 0.0008433087760401782, 0.006429595007584503, 0.0028818015529767146, 0.002817180307089011, 0.0017477295770520615, 0.002864655719903217, 0.003842180226045025, 0.004516100121737081, 0.004849983909742022, 0.005484744807882578, 0.020347664670685682, 0.015203332037033924, 0.006451953455039057, 0.006260308581002843, 0.009570554801689155, 0.008386002814356412, 0.0136459467586597, 0.02337537307698986, 0.028706750347959754, 0.10517184884772007, 0.06308373721017932, 0.050422890548472335, 0.06842388874533517], "Sample": [0.013637467287480831, 0.019996222108602524, 0.014158760197460651, 0.018411673605442047, 0.034017011523246765, 0.04838916286826134, 0.028644300997257233, 0.07407918572425842, 0.10411795973777771, 0.07032959163188934, 0.1412838101387024, 0.0964232087135315, 0.0866694375872612, 0.08769115060567856, 0.047235384583473206, 0.11685583740472794, 0.10911578685045242, 0.17459185421466827, 0.14600780606269836, 0.12461332976818085, 0.10532714426517487, 0.20068538188934326, 0.16356341540813446, 0.2039082646369934, 0.20750483870506287]}